listing,price,brand,size
"Karl Lagerfeld Paris Maybelle Collection Graffiti In Paris Backpack Black NWT
          
      NWT",137.0,Karl Lagerfeld,OS
Louis Vuitton Monogram  Shoulder Bag in Brown,480.0,Louis Vuitton,OS
Calvin Klein Lavender Tote Bag with Chain Straps,47.0,Calvin Klein,OS
Dior John Galliano wallet,399.0,Dior,OS
Louis Vuitton Chaine Grelots Milticolor,600.0,Louis Vuitton,OS
"NWT Watermelon Print Crystal Clutch with Detachable Strap
          
      NWT",33.0,,OS
AUTH CHANEL BIARRITZ MM TOTE BAG IN BLACK,1349.0,CHANEL,"15”W, 11”H, 6”D"
Xhilaration Zebra‎ Print Small Wristlet,5.0,Xhilaration,OS
"Tumi Voyageur Carson Backpack - Ballistic Nylon Expandable 17"" Commuter
          
      NWT",160.0,Tumi,OS
Jessica McClintock Black Satin Rhinestone Clasp Floral Metalwork Chain Purse Bag,17.0,Jessica McClintock,OS
"Isabelle Vegan Friendly Leather Lead Free Studded Crossbody Handbag Black Gold
          
      NWT",30.0,Isabelle,OS
"Mini Backpack Cat & Jack   pink and white Plaid Sherpa Mini Backpack
          
      NWT",15.0,Cat & Jack,OS
Rosetti Floral Shoulder Handbag Purse‎ Hibiscus Colorful Pockets Tropical,20.0,Rosetti,OS
Vintage Y2K Coach Hampton Signature Pink Shoulder Bag (Style 6830),300.0,Coach,OS
#191 Louis Vuitton Tresor Damier Ebene Bifold Wallet,249.0,Louis Vuitton,OS
"UEC Kate Spade New York
JACKSON TRIPLE GUSSET         LEATHER CROSSBODY",165.0,kate spade,OS
Kate Spade Jackson Leather Zip Pouch,22.0,kate spade,OS
Coach‎ Brown Khaki Signature Wristlet bag Red Strawberry 🍓,45.0,Coach,OS
"Elliot Lucca Floral Tote Bag – Brand New-Roomy!
          
      NWT",40.0,Elliott Lucca,OS
Vera Bradley Purple Punch Gabby Tote Bag Quilted Cotton Floral Retired,46.0,Vera Bradley,Medium
"Tumi‎ Small travel bag, zipper closure",30.0,Tumi,OS
"⚠️Clearance Dusty Pink Slim Bifold Wallet / Cardholder
          
      NWT",12.0,,OS
"NEW VANNERA HelloMama™ Essential Crossbody
Bum",40.0,VANNERA HELLO MAMA,OS
Vintage 70s Dainty Black Silk Clutch with Gold Hardware Classic 10,18.0,Vintage,OS
Michael Kors Silver Log Shoulder Bag With Chain Detail,35.0,Michael Kors,OS
NWOT Radley London Pink Pebbled Leather Crossbody Bag – Gold Zip,199.0,RADLEY LONDON,OS
Madison West Whipstitch Boho Crossbody Saddle Bag with Adjustable Strap,22.0,Madison West,OS
"Kate Spade Natalia Burgundy Mini Convertible Leather Backpack
          
      NWT",175.0,kate spade,7.9''h x 6.5''w x 3.5''d
"Valentino Orlandi Crossbody Bag Purse Wallet Blue Silver Guitar Strap Adjustable
          
      Boutique",80.0,Valentino Orlandi,OS
Lug Guild Collection Ranger 2 Crossbody Bag And Wristlet Bargello Mountains Blue,80.0,lug,OS
Disney x house of sillage cosmetic bag,33.0,Disney,OS
Michael Kors Jet Set Travel Large Saffiano Leather Three Quarter Zip Wallet Red,45.0,Michael Kors,OS
Akaiv Snakeskin Crossbody,19.0,Akaiv,OS
ALO Yoga Explorer Convertible Pack | 3L Nylon Waist Bag,55.0,ALO Yoga,OS
Louis Vuitton Murakami Multicolor kiss lock With COA,350.0,Louis Vuitton,OS
Vera Bradley Trice Crossbody,50.0,Vera Bradley,OS
Anthropology Rachel Pally reversible clutch bag,12.0,Rachel Pally,OS
"Texas Tech Red Patterned Crossbody Bag
          
      NWT",65.0,Vera Bradley,OS
Kate spade convertible shoulder bag crossbody chain color block,129.0,kate spade,OS
"Sonia Kashuk Hot Pink Nylon Cosmetic Bag Makeup Luxury Designer Travel Essential
          
      NWT",20.0,Sonia Kashuk,OS
Coach Signature 7656 Hobo Shoulder Bag in beige canvas and Leather EUC Authentic,80.0,Coach,OS
Gucci Women's Abbey D Ring Handbag Canvas Leather Shoulder Bag White,248.0,Gucci,OS
COACH Charlie Signature Python Tote Style - Black.  Front snap pocket.,170.0,Coach,13”x12”
"Alo Sherpa tote
          
      NWT",400.0,ALO Yoga,OS
AUTHENTIC CHANEL VINTAGE BLACK CAVIAR LEATHER CC FLAP CONTINENTAL WALLET,399.0,CHANEL,OS
"Purse Pillows (Pack of 3)
          
      NWT",30.0,,"12""L x 8.5""T"
Versace Black Medusa Leather Wallet,199.0,Versace,OS
"NWT Vera Bradley Pencil or Brush Holder
          
      NWT",20.0,Vera Bradley,OS
Vintage Upcycled Burlap Coffee Bean Bag Tote with Zipper,25.0,,OS
"⚠️Clearance Pink Patterned Crossbody Bag
          
      NWT",14.0,,OS
Ninewest Vintage America Collection Trendy Multicolor Suede Hobo Bag,45.0,Nine West,OS
"Metal Crossbody Bag Chain Strap Replacement
          
      NWT",35.0,,OS
See Sharp C# vintage box crossbody,30.0,C# See Sharp,OS
"Coach Mini Jamie Camera Bag With Strawberry Print
          
      NWT",219.0,Coach,OS
Lululemon Fleece Everywhere Belt Bag,40.0,lululemon athletica,OS
Badgley Mischka Black Quilted Crossbody Bag,24.0,Badgley Mischka,OS
Coach Black and Tan Women's Tote Bag,125.0,Coach,OS
Dooney & Bourke Navy Tote with White Duck Pattern,69.0,Dooney & Bourke,OS
"❤️Made in India - Beaded Hearts - Valentine’s Day - Red, Pink and White🩷
          
      NWT",24.0,Made in India,OS
Vilenca Holland woven leather wristlet clutch wallet.,28.0,Vilenca Holland,OS
"5""x5"" Mini Makeup/Accessory Travel Case
          
      NWT",13.0,JC Collection,OS
Bradley Chicago 80s Beaded Purse,200.0,Bradley,OS
"Kurt Geiger Gunmetal Metallic Crossbody/wallet NWT. With Eagle Head Change Pouch
          
      NWT",365.0,Kurt Geiger,OS
Kate Spade Crossbody,100.0,kate spade,OS
"Kate Spade Katy Leopard Haircalf Medium Convertible Shoulder Bag & Crossbody
          
      NWT",205.0,kate spade,"6.25""h x 9.5”w x 2.25""d"
"Vintage Morris Moskowitz Black Leather Women's Bag Purse, Crossbody",25.0,Morris Moskowitz,OS
Dooney & Bourke Navy Blue Leather Tote Bag,85.0,Dooney & Bourke,OS
Retro Autumn Colors 60s Crossbody Bag Fall Leaves Satchel Vintage Materials,29.0,None,OS
"MICHAEL KORS SMALL TOP ZIP COINPOUCH WITH ID CARD CASE WALLET 
PALE BLUE 
NWT
          
      Boutique",56.0,Michael Kors,
"Juicy couture juicy beach couture crossbody purse
          
      NWT",65.0,Juicy Couture,See photos
Elegant Gray/purple Crossbody Bag,12.0,Kohls,OS
Vince Camuto Brown Leather Handbag,50.0,Vince Camuto,OS
Black and Cream Tote Bag,10.0,None,OS
Brighton Black and Silver Ferrara City Organizer Crossbody Bag,135.0,Brighton,OS
Chanel Black Caviar Leather Wallet- EUC,382.0,CHANEL,OS
DKNY Elise Mini Box Crossbody handbag in a snakeskin print.W- A FREE Card Wallet,143.0,Dkny,OS
Nightmare Before Christmas Disney Loungefly wallet. NWOT‎,85.0,Loungefly,OS
Sherpa Leather Womens Hobo Bag Cream Brown Gold Accents Plush Made in Italy,69.0,Unbranded,OS
Michael Kors Jet Set Travel XL Saffiano Leather Tote Chili Red Modern Minimalist,125.0,Michael Kors,OS
"KATE SPADE | Kate's Taxi 3D Taxi Crossbody w/ NYC Pretzel Card Holder 2p…
          
      NWT",460.0,kate spade,OS
JW Anderson Turquoise Twister Top Handle Shoulder Bag,250.0,JW ANDERSON,OS
"Michael Kors Emilia Small
Saddle Flap Crossbody Bag
Navy Blue OS",99.0,Michael Kors,OS
NWOT Liz Claiborne Erika Zip Around Wallet Black,14.0,Liz Claiborne,OS
Bandolier Pebble Leather Expanded Zip Pouch in Black/Gold,85.0,Bandolier,OS
Michael Kors Jetsetter Crossbody,50.0,Michael Kors,OS
Carlos Santana Black and Silver Chain Edge Wristlet.,25.0,Carlos Santana,OS
VTG Etienne Aigner Black Crocodile Leather Wallet Wristlet Classic Old Money EUC,10.0,Etienne Aigner,OS
"3 business class amenities bags
          
      NWT",28.0,,OS
a.n.a Red and Gold Patterned Hobo Bag,36.0,a.n.a,OS
"Nana Grandma white tote bag purse women's handbag cross strap floral design cute
          
      NWT",22.0,,OS
"NWT/Kate Spade New York Laurel Way Stacy Leather Wallet/ Blue Dawn
          
      NWT",75.0,kate spade,OS
Spartina-Callahan Zipper Hipster Linen/Leather crossbody bag. Lots of space! EUC,55.0,Spartina 449,OS
"Michael Kors Jet Set Extra Small Tri-fold Black Patent Leather Wallet
          
      NWT",30.0,Michael Kors,"3"" x 4"" x 1"""
"Kate spade rose gold card holder and gift box
          
      NWT",79.0,kate spade,OS
Fossil swing pack cross body bag,35.0,Fossil,OS
New Handmade Kiss-lock Floral Clutch Coin Purse/Charm,25.0,Handmade,OS
Louis Vuitton Totally Shoulder Tote Bag Monogram,3499.0,Louis Vuitton,OS
Universal Studios Harry Potter Hufflepuff Chenille Coin Purse Yellow & Grey EUC,18.0,Warner Bros.,OS
lululemon athletica Black Crossbody Bag -2L,49.0,lululemon athletica,OS
"Auth COACH Bleecker Leather Mini Riley Carryall 27923, Birch Leather (white)",45.0,Coach,OS
Louis Vuitton Damien Ebene Key Holder,68.0,Louis Vuitton,OS
Brown and Gold Patterned Clutch,50.0,Macy's,OS
🆕 12 Sets Metal Side Clip Bag Buckle with Side Loop Purse Suspension,25.0,,OS
Kate spade shearling crossbody bag,85.0,kate spade,OS
Coach Brown and Gold Interior Bag,80.0,Coach,OS
Dooney &Bourke Handbag Color Silver/Blue.  Pre-loved.,79.0,Dooney & Bourke,OS
Dooney & Bourke Giraffe Print Tote Bag - Black and Brown,65.0,Dooney & Bourke,"12""x 12"" x 6.2"" approximately"
Handmade Genuine Leather Saddle Bag,85.0,Handmade,OS
Rebecca Minkoff Navy Leather Clutch With Tokyo Stamp Design Wristlet,30.0,Rebecca Minkoff,OS
Kennet Kole Reaction,32.0,Kenneth Cole Reaction,OS
Steve Madden Black Quilted Handbag Shoulder Bag Size Large,25.0,Steve Madden,OS
Intricately beaded shoulder bag purse vintage fully lined Fabric Bag,20.0,,OS
Vera Bradley Hipster Lucky Dots Crossbody Green and Blue Polka Dot Women's Bag,40.0,Vera Bradley,"10.25"" x 11"""
Vince Camuto Harlo Geometric Woven Leather Travel Tote Bag,50.0,Vince Camuto,OS
Francesco Biasia Shoulder Bag Black Leather Minimalist Y2K Silver Hardware Italy,55.0,Francesco Biasia,OS
"Authentic Tom Ford Sueded Drawstring Dust Bag. Fully lined, Gray 15"" x 7.5""",20.0,Tom Ford,"15"" x 7.5"""
PINK Victoria's Secret‎ Black Tote Bag White Stripe Canvas Shopping Travel,15.0,PINK Victoria's Secret,OS
"NWT Kendall & Kylie Clear Pouch Wristlet Makeup Bag Travel Concerts Sport Events
          
      NWT",13.0,Kendall & Kylie,OS
Fendi Pequin Long Black and Brown Striped Wallet EUC!  + Fendi Dust Bag + COA,375.0,Fendi,OS
Louis Vuitton Brown Monogram Tote,2500.0,Louis Vuitton,OS
Coach Black Laptop Case,55.0,Coach,OS
Vegan leather Blue Shoulder Bag,25.0,,OS
C- Coach rare pink peachy/orange Horse Carriage Pleated Tote Shoulder Bag F…,132.0,Coach,OS
Kate Spade Cara Leather Maroon Tote Shoulder Bag,150.0,kate spade,OS
Cartier Authentic Vintage Wallet Dark Red Leather Happy Birthday Continental,140.0,Cartier,OS
Vera Bradley Wristlet Wallet In Midnight With Multicolor Butterfly Floral Patter,13.0,Vera Bradley,OS
"NWT Free People Been There Badge Tote Bag Olive Green Vintage Boho Retro
          
      NWT",70.0,Free People,OS
Dunhill Canvas Coin pouch/Card Holder,150.0,Dunhill,OS
"Kate Spade Lola Large Continental Glitter Dusk
          
      NWT",117.0,kate spade,"3.9"" h x 7.6"" w"
Vera Bradley wallet with wristlet in excellent condition,20.0,Vera Bradley,OS
lululemon athletica Black Crossbody Bag,55.0,lululemon athletica,OS
Curateur x Laude NWT The Label Black Knit Macrame Stripe Bag,25.0,Laude The Label,OS
Kate Spade Laurel‎ Way Carsen Rose Gold Crossbody Purse,62.0,Kate Spade New York,OS
Rosetti Brown Shoulder Bag with Adjustable Strap and Hobo Silhouette,20.0,Rosetti,OS
Michael Kors Emilia Small Logo Satchel - Brown Signature,72.0,Michael Kors,OS
GUCCI Limited Edition Handmade Natural Leather Bag Large - UNICORN ALERT!,1800.0,Gucci,"16 x 11 x 8.4"" drop 4.5"" approximately"
"Milly Vibrant Blue Fringed Crossbody Bag
          
      NWT",213.0,Milly,OS
Laurel Burch Crazy Cat Lady Canvas Tote Bag Beach Funky Artsy  Kitchy Vacation,14.0,Laurel Burch,OS
"Lush Fighting Animal Testing - Pink Tote Bag
          
      NWT",13.0,Lush,OS
RACHEL PALLY Zahara Reversible Clutch‎,27.0,Rachel Pally,OS
Antonio Melani Brown Croc Embossed Top Handle Structured Purse W/Crossbody Strap,26.0,ANTONIO MELANI,OS
Adidas Micro Mini Tote Aurora Coffee Brown/Sandy Pink Crossbody Bag,26.0,adidas,OS
Elegant Pearl-Embellished Clutch,20.0,N/A,OS
Coach gold detail beige bag,118.0,Coach,OS
Vera Bradley Tangerine Twist Crossbody Messenger Bag Quilted Floral Colorful,35.0,Vera Bradley,OS
"NWT MICHAEL KORS LEATHER CINDY DOME CROSSBODY BAG
          
      NWT",169.0,Michael Kors,OS
Elegant  Brown Checkered Shoulder Bag,150.0,No Label,OS
Vintage La Regale Clutch Bag,48.0,La Regale,OS
Guess Y2K Mcbling Goth Black Shoulder Cargo Hand Bag Purse Monogram 2000 Vintage,225.0,Guess,OS
"Tag Cityscape 3 Piece Hardside Luggage suitcase carry on
          
      NWT",38.0,,OS
Studded Olive Green Crossbody Bag,40.0,NanaMacs,OS
Simply Southern Key Largo Black Woven Purse with Gold Accents,22.0,Simply Southern,OS
AUTHENTIC BALMAIN B-Army Shoulder Bag Canvas/Calf Leather LTJ380-010226,795.0,Balmain,W7.0 x H5.5 x D3.1inch
3 for $15! | TOTE  | Halloween Holiday | Dead and Breakfast themed bag,9.0,None,OS
PINK Victoria Secret Fanny pack,15.0,PINK Victoria's Secret,OS
Louis Vuitton Monogram Pochette Marly Bandouliere,750.0,Louis Vuitton,"L: 8.5"" H: 4.75"" W: 1.75"""
Coach Black Leather Tote with Silver Accents,202.0,Coach,OS
"Cosmetic Bag Makeup Bag Travel‎ Pouch Toiletry Bag Sleeping Cat Pattern
          
      NWT",12.0,The Unbranded Brand,OS
Michael Kors Reed Large Signature Belted Logo Satchel Crossbody Bag Cream Purse,100.0,Michael Kors,OS
Michael Kors Jet Set Large Initials MK Wallet- Retired NWOT,60.0,MICHAEL Michael Kors,OS
Yellow Banana Shoulder Bag Genuine Leather Hobo Made in Mexico,34.0,,one size
Woven Crossbody Bag Floral Embroidery Goblincore Indie Crunchy Boho Fairy Grunge,14.0,,OS
Coach Tan Leather Shoulder Bag with Relaxed Silhouette# 19755,110.0,Coach,OS
DKNY Black Crossbody Bag,20.0,Dkny,OS
"Large Gilda Paris Quilted Vegan Leather Wine Tote bag
          
      NWT",129.0,Glida Paris,OS
Lilly Pulitzer Cork Kat Crossbody,90.0,Lilly Pulitzer,OS
Baggallini Black Shoulder Bag with Silver Accents,14.0,Baggallini,OS
"⚡Women Black Lychee Pattern Full Grained Leather Crossbody Adjustable Strap Bag
          
      NWT",106.0,,OS
Michael Kors Black Crossbody Bag,55.0,Michael Kors,OS
PINK Victoria's Secret Glittering‎ Tote - Silver and Black,22.0,PINK Victoria's Secret,OS
Loungefly Care Bears Valentines Day,48.0,Loungefly,OS
💯Authentic LOUIS VUITTON Gray Metallic EPI leather Sarah wallet,495.0,Louis Vuitton,L:7.5” H:4.25” W: 0.75”
Lululemon Om The Day Bag Black Reflective Large Duffle Yoga Mat Gym Travel,26.0,lululemon athletica,OS
"Michael Kors Bedford pebble leather tote bag
          
      NWT",255.0,Michael Kors,Large
CAbi Heavy Canvas Tote Cream with logo and Graphic Fabric Bag,25.0,CAbi,OS
"Michael Kors Sandrine Small Sequined Lemon Print Crossbody Bag Vanity Case
          
      NWT",89.0,Michael Kors,OS
MMM ARTESANIAS Handmade Rainbow Quilted Boho Vintage Retro Crossbody Bag Purse,10.0,M.M.M. Artesanias,OS
Vintage Dooney & Bourke Black and Brown Leather Bag Equestrian Crossbody,45.0,Dooney & Bourke,OS
Prada Saffiano Continental Wallet in Lilac Full Inclusion EUC,195.0,Prada,OS
Madewell The Knotted Crossbody Bag in Woven Leather,85.0,Madewell,OS
Pink Vintage purse clutch wallet rose pink 1960s Gorgeous! Classic,21.0,Vintage,OS
Michael Kors Whitney Medium Neon Checkerboard Logo Satchel Crossbody White/Pink,228.0,Michael Kors,OS
Charlotte Russe faux snakeskin envelope bag,32.0,Charlotte Russe,OS
Everlane grey Dopp kit/toiletry bag/cosmetic bag,32.0,Everlane,OS
"Real Leather and Cow Fur Handbag
          
      NWT",45.0,Aimee Kestenberg,OS
The Sak Limited Edition Nomad 120 Hand Crocheted Hobo Bag Blue 41 of 300,49.0,The Sak,OS
Anthropologie Lamarque Zoey Sherpa Fleece Leather Tote In Black Shoulder Bag,32.0,Anthropologie,OS
Melt Y2K Black Faux Leather Fanny Pack Waist Bag Belt Bag Festival Bum Bag,32.0,Meltin Pot,OS
NWT Karl lagerfeld Paris Maybelle tote bag with heart design,199.0,Karl Lagerfeld,"14"" x 10"""
"Michael Kors, gold purse",26.0,Michael Kors,OS
Brighton Mallory Black Brown Leather Shoulder Bag Handbag Purse Heart Dangle,100.0,Brighton,OS
"J Crew Purse Leather Envelope Clutch Chain Strap Blue Turquoise NWT
          
      NWT",70.0,J.CREW,OS
Brown leather croco embossed double handle dome 1975 satchel Dooney & Bourke,180.0,Dooney & Bourke,OS
Michael Kors Gray Leather Strap with Silver Chain - EUC,25.0,Michael Kors,OS
Kate Spade New York Multicolored Stripe Wallet,30.0,kate spade,OS
"Michael Kors Gigi Small Messenger Crossbody Bag
          
      NWT",118.0,Michael Kors,"10""W X65""HX3.25""D"
"Coach Brown Hobo Bag with Signature Monogram Classic
Mobwife Career",50.0,Coach,OS
Coach Signature C Gray Blue Adjustable Slim Crossbody Bag,32.0,Coach,OS
"Womens INC INTERNATIONAL CONCEPTS BAG
          
      NWT",69.0,INC International Concepts,OS
"NWT Evening clutch leopard print.
          
      NWT",35.0,,OS
Tiganrllo Leather purse,20.0,Tignanello,OS
Elizabeth Arden Women's Cosmetic Handbag,11.0,Elizabeth Arden,OS
"Organic straw Woven Large Beach Bag New
          
      NWT",29.0,handmade,OS
"New Brahmin Lennon Blue Filigree wallet
          
      NWT",99.0,Brahmin,OS
Tory Burch smooth Black Leather Timeless with dust bag,170.0,Tory Burch,Approx 11.25x15 HD 9
Coach Hampton Legacy Gallery Black Patent Leather Tote Bag,130.0,Coach,OS
"ALO Yoga Explorer Fanny Pack - Adjustable Strap, 3L Capacity, Gunmetal
          
      NWT",55.0,ALO Yoga,OS
"NWT MICHAEL KORS LEATHER JET SET CHARM LARGE DOME CROSSBODY BAG
          
      NWT",219.0,Michael Kors,OS
Authentic Gucci Dionysus GG Supreme Arabesque Chain Shoulder Bag Navy‎ Blue,1750.0,Gucci,OS
"Large Puffer Hobo Shoulder Bag Quilted - Wild Fable black
          
      NWT",30.0,wild fable,OS
COACH Legacy Color Block RARE Shoulder Crossbody Bag Navy Pink Brown Silver EUC,175.0,Coach,OS
Spartina 449 rattan pink crossbody bag new without tags.,200.0,Spartina 449,OS
AUBREY EMI UNDER THE PALMS CANVAS POUCH... #7656,20.0,aubrey emi,OS
"Juicy‎ couture wristlet purse
          
      NWT",39.0,Juicy Couture,See photos
"MICHAEL KORS Blue Faux Leather Logo Belt Bag Fanny Pack - XL
          
      NWT",55.0,Michael Kors,OS
Coach Legacy Perforated Penelope Penny Bag,72.0,Coach,OS
Travelon Pink Travel Crossbody Bag,28.0,Travelon,OS
Multicolor Handcrafted Woven Crossbody Bag with Worry Dolls Boho Enthnic Trabal,25.0,,"6.5"" x 8"""
"Kate Spade Elegant Black Leather Shoulder Bag
          
      NWT",165.0,kate spade,OS
Dooney & Bourke Orange Crossbody Bag-NWOT.,88.0,Dooney & Bourke,OS
B.Makowsky Rose Gold Leather Tote Bag Purse Metallic,20.0,b. makowsky,OS
"Sam & Hadley vegan leather shoulder purse excellent condition includes 2 straps
          
      NWT",10.0,Sam & Hadley,OS
Myra Bag Gray and Brown Patterned Shoulder Bag,45.0,Myra Bag,OS
LUG- EUC- Blitz Matte Luxe VL Wallet,24.0,lug,OS
JanSport Vintage Red and Black Backpack,20.0,Jansport,OS
Coach File Bag Crossbody In Signature Monogram Jacquard Purse,58.0,Coach,OS
MIU MIU Crocodile Embossed Cream Leather Zip Long Wallet,95.0,Miu Miu,OS
Vintage Liz Claiborne Leather‎ Satchel Black Brown Bag Made in Korea 12 Inch,34.0,Liz Claiborne,OS
"New Kate Spade Shimmy Glitter Fabric Small Cosmetic Bag K4709 Deep Nova $69
          
      NWT",46.0,kate spade,OS
Elegant Black and Tan Tote Bag,15.0,no brand,OS
Black Crocodile Print Textured PU Leather Large Square Bag Elegant Chain Strap,40.0,SHEIN,Large
BANDOLIER Drawstring Pouch 8.75” x 5.75” EUC,15.0,BANDOLIER,8.75” x 5.75”
"Dooney‎ & Bourke Satchel Leather Bag
          
      NWT",299.0,Dooney & Bourke,OS
💓CHANEL Wallet,545.0,CHANEL,OS
Badgley Mischka Wine Crossbody Bag with Bow and Gold Hardware Vegan Leather NWT,80.0,Badgley Mischka,OS
B.makowsky Purple distressed Leather Crossbody Bag,88.0,b. makowsky,OS
KATE SPADE Purple Leather Wristlet Wallet,72.0,kate spade,OS
Shoulder Bag Brown and Tan Ladies Bag,27.0,None,OS
Vintage Disney Winnie The Pooh Cotton Backpack Embroidered Purple & Yellow,65.0,Disney,OS
"The Honest Company City Backpack, 5 lb, Black",50.0,The Honest Company,OS
